SHP,GW,G,GP,Shift,Team,Pos,P,S,TOI,A,SHG,SPerc,FO,PPG,PIM,Player,PPP,Fantasy,PlusMin,OT
0,1,12,78,20.6,EDM,R,30,183,15:24,18,0,6.6,0,5,18,Nail Yakupov,10,0,-35,0
0,4,24,80,21.9,TOR,R,59,271,18:44,35,0,8.9,40,8,30,Phil Kessel,25,0,-34,1
2,3,22,80,23.6,TOR,C,47,149,19:04,25,2,14.8,52.9,12,44,Tyler Bozak,18,0,-33,0
1,4,27,80,22.6,TOR,L,55,246,19:03,28,1,11,38.9,9,41,James van Riemsdyk,19,0,-32,1
0,0,11,79,23.1,EDM,R,33,140,17:08,22,0,7.9,57.1,5,24,Teddy Purcell,12,0,-30,0
0,0,8,75,25.8,BUF,D,20,118,20:28,12,0,6.8,100,4,26,Rasmus Ristolainen,9,0,-30,0
0,0,14,77,23.9,ARI,R,36,185,19:00,22,0,7.6,20,5,65,Shane Doan,10,0,-28,0
1,1,6,69,21.7,ARI,L,21,82,15:14,15,0,7.3,33.3,5,12,Lauri Korpikoski,8,0,-27,0
0,1,14,78,21.6,ARI,C,40,176,17:12,26,0,8,47.3,6,28,Sam Gagner,12,0,-26,1
1,1,6,76,27.4,,D,20,123,21:12,14,0,4.9,0,1,40,Jeff Petry,4,0,-26,0
0,0,6,75,16.5,BUF,C,13,125,12:53,7,0,4.8,46.1,0,12,Cody Hodgson,1,0,-26,0
0,0,4,70,23.6,ARI,D,7,71,16:47,3,0,5.6,0,0,38,Connor Murphy,0,0,-26,0
0,2,17,78,23.4,,L,41,189,17:22,24,0,9,25,3,62,David Perron,9,0,-25,0
0,2,6,80,26.7,,D,50,219,22:56,44,0,2.7,0,2,40,Keith Yandle,28,0,-25,0
0,0,14,77,19.9,,R,34,147,15:52,20,0,9.5,24.4,5,84,Chris Stewart,10,0,-24,0
0,1,13,79,24.8,,C,38,107,18:01,25,0,12.1,55.4,6,40,Antoine Vermette,14,0,-24,0
0,0,4,67,19.4,ARI,C,13,79,13:24,9,0,5.1,51.2,1,80,Kyle Chipchura,1,0,-24,0
0,2,18,73,21.3,CAR,L,31,222,16:04,13,0,8.1,45.6,4,18,Jeff Skinner,7,0,-23,0
0,0,3,78,27.9,ARI,D,18,141,20:37,15,0,2.1,100,0,60,Michael Stone,5,0,-23,0
0,0,2,57,27.8,EDM,D,18,92,21:53,16,0,2.2,0,0,4,Oscar Klefbom,2,0,-23,0
0,1,5,56,25.2,TOR,D,9,61,21:05,4,0,8.2,100,0,48,Roman Polak,0,0,-22,0
1,1,5,79,15.6,BUF,L,15,73,11:54,10,0,6.8,0,0,71,Nicolas Deslauriers,0,0,-22,0
0,0,3,64,22,CBJ,C,18,79,15:31,15,0,3.8,42.9,1,20,Alexander Wennberg,4,0,-22,0
0,0,4,77,24.4,TOR,D,24,98,20:54,20,0,4.1,0,0,22,Jake Gardiner,8,0,-21,0
2,0,2,74,26.6,EDM,D,8,78,17:56,6,0,2.6,0,0,14,Mark Fayne,0,0,-21,0
1,7,23,79,29.5,ARI,D,43,251,25:07:00,20,1,9.2,0,10,38,Oliver Ekman-Larsson,20,0,-19,3
1,1,19,75,21.7,BUF,C,43,175,19:00,24,1,10.9,36.6,6,37,Tyler Ennis,16,0,-19,0
2,4,15,78,30.5,CAR,D,48,220,24:23:00,33,2,6.8,0,7,28,Justin Faulk,20,0,-19,0
0,1,13,77,22.3,DAL,L,25,109,14:36,12,0,11.9,17.6,0,141,Antoine Roussel,3,0,-19,0
2,1,11,66,23.7,NJD,C,32,108,17:38,21,0,10.2,38.6,4,12,Patrik Elias,8,0,-19,0
0,1,6,57,15.1,,R,10,85,11:01,4,0,7.1,33.3,1,17,Matt Fraser,1,0,-19,0
0,1,2,63,18,FLA,R,8,104,12:54,6,0,1.9,75,0,28,Tomas Kopecky,0,0,-19,0
1,0,1,58,24.9,BUF,D,9,45,18:18,8,1,2.2,0,0,20,Andre Benoit,1,0,-19,0
0,4,17,77,22.4,CAR,C,39,162,16:23,22,0,10.5,50.8,4,14,Elias Lindholm,15,0,-18,1
0,0,14,68,22.8,,C,31,120,16:19,17,0,11.7,33.3,6,20,Jiri Tlusty,10,0,-18,0
0,1,6,78,26.9,EDM,D,31,121,22:38,25,0,5,100,0,12,Justin Schultz,12,0,-18,0
0,0,6,45,17.4,CBJ,R,8,95,12:31,2,0,6.3,37.5,0,16,Jack Skille,0,0,-18,0
0,2,23,78,24.7,EDM,R,62,180,19:03,39,0,12.8,16.7,6,24,Jordan Eberle,21,0,-17,0
0,4,18,79,26,SJS,L,56,227,19:40,38,0,7.9,48,7,12,Patrick Marleau,24,0,-17,0
2,2,16,65,30.3,DAL,D,36,112,22:58,20,2,14.3,0,6,34,Trevor Daley,12,0,-17,0
3,1,13,69,23.3,ARI,R,21,177,16:55,8,3,7.3,20,0,12,Tobias Rieder,2,0,-17,0
0,0,5,80,18.2,FLA,C,11,71,12:24,6,0,7,52.9,1,45,Derek MacKenzie,1,0,-17,0
1,0,4,57,19.8,ARI,R,11,96,12:42,7,0,4.2,46.2,1,24,David Moss,2,0,-17,0
1,0,3,70,25.3,EDM,D,14,58,18:52,11,0,5.2,0,0,39,Andrew Ference,0,0,-17,0
0,1,2,37,17.5,EDM,C,9,49,12:41,7,0,4.1,40.6,1,4,Leon Draisaitl,2,0,-17,0
3,1,15,61,23.7,BUF,C,30,115,19:04,15,3,13,44,1,25,Zemgus Girgensons,4,0,-16,0
0,1,8,75,27.1,CBJ,D,36,130,24:08:00,28,0,6.2,0,3,42,Jack Johnson,21,0,-16,1
1,1,16,72,20.7,,R,41,142,16:22,25,0,11.3,49.1,4,45,Drew Stafford,9,0,-15,0
0,2,11,76,22.5,CAR,C,31,165,16:19,20,0,6.7,51.2,2,16,Victor Rask,11,0,-15,0
0,1,9,76,21.3,ARI,R,31,90,15:48,22,0,10,0,3,46,Martin Erat,6,0,-15,0
0,1,6,51,16.9,,R,14,85,12:38,8,0,7.1,40,2,22,Rene Bourque,3,0,-15,1
1,0,2,73,20.3,CGY,D,11,49,14:04,9,0,4.1,0,0,53,Deryk Engelland,0,0,-15,0
0,0,2,77,16.6,,C,11,78,10:46,9,0,2.6,51.7,0,30,Maxim Lapierre,0,0,-15,0
0,2,9,74,22.7,CAR,L,26,216,16:27,17,0,4.2,64.3,2,34,Nathan Gerbe,7,0,-14,0
0,2,8,68,24.7,,D,34,146,21:13,26,0,5.5,0,7,44,James Wisniewski,15,0,-14,0
0,0,8,79,24.7,TOR,D,29,144,20:12,21,0,5.6,0,1,14,Morgan Rielly,9,0,-14,0
1,0,4,67,18.4,CAR,R,11,75,12:51,7,0,5.3,26.3,0,10,Patrick Dwyer,0,0,-14,0
0,0,1,61,13.7,CBJ,R,8,22,8:45,7,0,4.5,50,0,76,Corey Tropp,0,0,-14,0
0,0,12,80,22.7,TBL,C,48,91,19:01,36,0,13.2,52.8,2,24,Valtteri Filppula,17,0,-13,0
1,2,11,66,22.1,BUF,R,31,145,17:58,20,1,7.6,40.3,2,18,Brian Gionta,8,0,-13,0
0,3,11,78,21,LAK,R,27,180,16:35,16,0,6.1,39.4,1,24,Dustin Brown,6,0,-13,0
1,0,8,69,19.9,EDM,L,16,101,13:10,8,1,7.9,49.4,0,76,Matt Hendricks,1,0,-13,0
1,0,2,65,25.8,NJD,D,14,46,20:36,12,0,4.3,0,2,24,Jon Merrill,4,0,-13,0
0,0,2,77,27.5,CAR,D,9,75,21:01,7,0,2.7,100,0,16,Ron Hainsey,1,0,-13,0
1,2,24,76,26.7,EDM,C,56,189,20:38,32,0,12.7,45.7,2,25,Ryan Nugent-Hopkins,14,0,-12,1
0,4,22,73,24.7,CAR,C,51,235,18:45,29,0,9.4,51,7,41,Eric Staal,17,0,-12,0
0,2,12,69,20.3,,C,31,110,15:36,19,0,10.9,43.4,4,20,Derek Roy,7,0,-12,0
0,1,10,61,18,,R,15,95,13:47,5,0,10.5,34.2,1,106,David Clarkson,1,0,-12,0
0,3,7,33,22.3,DET,R,22,74,16:03,15,0,9.5,33.3,4,30,Johan Franzen,11,0,-12,0
0,2,6,35,19.6,EDM,C,18,55,14:52,12,0,10.9,49.2,4,12,Anton Lander,7,0,-12,1
0,2,5,75,25.4,COL,D,14,89,19:37,9,0,5.6,0,2,28,Nick Holden,6,0,-12,0
0,1,4,42,25.9,EDM,D,10,80,19:38,6,0,5,0,2,12,Nikita Nikitin,3,0,-12,0
0,0,3,66,17.4,NSH,L,13,74,12:02,10,0,4.1,50,0,8,Gabriel Bourque,0,0,-12,0
1,0,1,78,27,COL,D,13,79,20:37,12,0,1.3,0,0,40,Jan Hejda,0,0,-12,0
0,0,1,70,22,,D,9,51,16:20,8,0,2,0,0,46,Tim Gleason,0,0,-12,0
0,4,26,79,22.2,DET,R,53,185,16:40,27,0,14.1,11.1,14,26,Gustav Nyquist,24,0,-11,1
0,2,17,57,22.1,NYI,R,48,183,19:35,31,0,9.3,50.3,6,10,Kyle Okposo,18,0,-11,0
0,2,13,74,21,BUF,L,40,151,17:38,27,0,8.6,57.1,3,4,Matt Moulson,11,0,-11,0
0,0,5,53,20.8,CAR,R,18,81,15:51,13,0,6.2,33.3,0,32,Alexander Semin,4,0,-11,0
0,1,5,40,19.6,NJD,L,14,49,14:48,9,0,10.2,0,3,10,Martin Havlat,6,0,-11,0
0,1,5,52,18.3,LAK,C,15,62,13:24,10,0,8.1,48.8,1,39,Mike Richards,3,0,-11,0
0,0,4,51,15.3,,C,10,61,10:41,6,0,6.6,30.4,2,12,Joakim Lindstrom,5,0,-11,0
0,0,4,48,28.4,NJD,D,16,91,22:09,12,0,4.4,0,0,18,Damon Severson,7,0,-11,0
0,1,3,57,22.6,BUF,D,15,48,17:51,12,0,6.3,100,2,51,Nikita Zadorov,5,0,-11,1
0,0,3,34,23.9,CAR,D,12,59,18:17,9,0,5.1,0,2,6,Ryan Murphy,4,0,-11,0
0,1,3,54,23.2,OTT,D,9,47,18:09,6,0,6.4,0,0,45,Jared Cowen,0,0,-11,0
2,1,2,77,25.7,,D,10,90,19:33,8,1,2.2,0,0,75,Brenden Dillon,0,0,-11,0
0,2,14,45,23.1,ARI,L,28,79,17:29,14,0,17.7,0,3,6,Mikkel Boedker,12,0,-10,0
0,2,14,76,18.6,CHI,C,25,139,14:54,11,0,10.1,50.4,5,65,Andrew Shaw,6,0,-10,0
0,0,8,68,23.5,CAR,C,25,94,16:18,17,0,8.5,50.9,1,12,Riley Nash,6,0,-10,0
0,1,7,55,21.4,NJD,C,31,64,16:37,24,0,10.9,46.2,0,23,Scott Gomez,12,0,-10,0
0,1,7,57,23.7,BUF,D,14,60,17:40,7,0,11.7,0,1,36,Andrej Meszaros,1,0,-10,0
1,2,7,64,21.4,DAL,L,23,137,13:37,16,1,5.1,65.2,0,53,Ryan Garbutt,0,0,-10,0
0,2,3,73,25.6,VAN,D,11,73,18:46,8,0,4.1,0,0,46,Luca Sbisa,0,0,-10,1
0,0,3,67,16.6,ARI,C,9,51,11:10,6,0,5.9,48.1,0,34,Joe Vitale,0,0,-10,0
2,1,2,78,23.4,NYI,D,22,77,18:55,20,0,2.6,50,0,22,Thomas Hickey,0,0,-10,1
1,2,17,74,21,,C,31,123,14:49,14,0,13.8,49.8,1,20,Mark Arcobello,4,0,-9,1
0,2,15,65,20.9,CHI,L,41,223,16:49,26,0,6.7,47.6,8,33,Patrick Sharp,14,0,-9,1
0,4,15,59,22.2,OTT,L,32,135,16:58,17,0,11.1,36.4,6,36,Clarke MacArthur,9,0,-9,0
0,1,10,53,19.8,TOR,L,21,95,15:29,11,0,10.5,66.7,2,26,Joffrey Lupul,3,0,-9,0
1,1,9,69,22.5,SJS,L,26,131,15:19,17,0,6.9,0,1,20,Matt Nieto,4,0,-9,0
0,0,9,67,19.7,PHI,C,15,96,13:49,6,0,9.4,40.9,2,19,R.J. Umberger,2,0,-9,0
1,1,7,50,20,CBJ,C,12,57,13:22,5,1,12.3,53.2,0,0,Mark Letestu,1,0,-9,0
0,2,6,63,20.4,,C,13,53,14:18,7,0,11.3,48.6,0,34,Torrey Mitchell,0,0,-9,0
2,1,6,71,16.3,BOS,L,13,66,11:30,7,1,9.1,28.6,0,12,Daniel Paille,0,0,-9,0
1,1,3,68,28.4,TOR,D,28,135,23:38,25,0,2.2,0,2,106,Dion Phaneuf,15,0,-9,0
0,0,2,53,25.4,CAR,D,19,79,19:06,17,0,2.5,0,0,14,John-Michael Liles,6,0,-9,0
1,2,18,48,20.1,MIN,L,23,116,15:02,5,1,15.5,28.6,0,18,Jason Zucker,0,0,-8,0
1,1,13,65,18.2,VAN,C,23,87,12:09,10,1,14.9,51.6,0,16,Bo Horvat,0,0,-8,0
0,1,11,73,19.9,DAL,R,32,135,13:39,21,0,8.1,0,1,16,Ales Hemsky,8,0,-8,1
1,1,11,65,20.2,COL,C,26,104,15:37,15,1,10.6,51,3,32,John Mitchell,4,0,-8,0
0,0,9,78,27.8,PHI,D,48,138,22:23,39,0,6.5,0,4,34,Mark Streit,29,0,-8,0
0,2,8,61,18.2,FLA,L,15,91,12:38,7,0,8.8,51.6,0,28,Scottie Upshall,1,0,-8,0
0,0,8,55,17.5,PHI,C,19,102,12:49,11,0,7.8,48.1,1,14,Vincent Lecavalier,4,0,-8,0
0,2,7,78,19.9,CAR,C,20,66,13:40,13,0,10.6,55.6,0,15,Jay McClement,0,0,-8,0
1,1,7,70,17.7,MIN,C,13,91,12:09,6,0,7.7,44.9,1,32,Erik Haula,1,0,-8,0
0,0,3,50,21.1,,D,8,55,15:01,5,0,5.5,100,0,91,Robert Bortuzzo,0,0,-8,0
2,0,26,78,25.4,CBJ,C,69,197,19:40,43,2,13.2,52.2,7,36,Ryan Johansen,26,0,-7,0
0,3,24,72,20.9,FLA,C,43,207,16:34,19,0,11.6,48.9,7,38,Nick Bjugstad,12,0,-7,0
0,1,17,79,22.6,DAL,C,59,199,17:16,42,0,8.5,54.2,4,26,Jason Spezza,23,0,-7,0
3,2,15,78,19.9,VAN,R,31,141,13:52,16,1,10.6,16.7,0,27,Jannik Hansen,0,0,-7,0
0,2,14,64,21.3,COL,C,38,192,17:02,24,0,7.3,47,3,34,Nathan MacKinnon,7,0,-7,0
2,6,14,75,21.1,MTL,C,26,145,15:26,12,0,9.7,52.2,1,42,Lars Eller,2,0,-7,0
0,1,11,74,15.3,TOR,R,17,85,11:36,6,0,12.9,28.6,2,49,Richard Panik,2,0,-7,0
0,1,7,81,26.8,,D,33,127,21:07,26,0,5.5,0,6,56,Marek Zidlicky,20,0,-7,1
0,0,7,76,25.9,,D,36,124,19:47,29,0,5.6,0,5,28,Cody Franson,17,0,-7,0
2,0,7,68,30.2,,D,27,112,24:34:00,20,0,6.3,0,2,77,Tyler Myers,6,0,-7,0
0,2,7,61,14.7,CAR,C,15,59,10:10,8,0,11.9,59.6,0,69,Brad Malone,0,0,-7,0
1,2,7,57,15.4,TOR,L,13,103,11:52,6,0,6.8,46.2,0,25,David Booth,0,0,-7,0
3,1,6,48,22.2,CBJ,C,24,78,16:22,18,0,7.7,44.5,0,8,Artem Anisimov,4,0,-7,1
1,1,4,71,20.3,NJD,L,10,68,14:40,6,0,5.9,41.7,0,42,Dainius Zubrus,1,0,-7,0
0,0,3,76,18.4,STL,C,12,49,11:38,9,0,6.1,56.5,0,84,Steve Ott,0,0,-7,0
0,0,2,44,22.2,FLA,D,8,44,15:54,6,0,4.5,0,0,20,Dylan Olsen,1,0,-7,0
1,3,16,72,23.9,NJD,C,41,117,17:54,25,0,13.7,51.9,5,20,Adam Henrique,15,0,-6,0
2,1,16,79,24.6,COL,C,54,161,19:36,38,1,9.9,52.8,2,12,Ryan O'Reilly,12,0,-6,1
2,1,12,77,20.6,DAL,C,27,129,13:06,15,1,9.3,51.8,3,34,Vernon Fiddler,3,0,-6,0
0,1,12,54,21.6,CGY,L,22,118,14:59,10,0,10.2,0,0,8,Mason Raymond,1,0,-6,0
1,4,10,61,27.8,PHI,D,32,115,21:47,22,1,8.7,0,1,30,Michael Del Zotto,8,0,-6,0
0,0,9,69,16.7,PHI,C,15,66,11:35,6,0,13.6,36.4,0,28,Chris VandeVelde,0,0,-6,0
0,3,8,55,16.3,COL,C,12,67,12:19,4,0,11.9,50,0,18,Daniel Briere,0,0,-6,1
0,0,5,44,15.9,ANA,L,10,75,12:18,5,0,6.7,50,0,4,Emerson Etem,0,0,-6,0
0,1,5,56,12.7,LAK,C,8,38,9:49,3,0,13.2,20,0,54,Jordan Nolan,0,0,-6,0
0,2,5,78,27,,D,24,98,19:09,19,0,5.1,0,2,69,Jason Demers,5,0,-6,0
1,0,3,79,29.2,DET,D,15,80,19:32,12,0,3.8,0,0,70,Jonathan Ericsson,0,0,-6,0
0,0,3,54,17.4,COL,R,12,62,11:56,9,0,4.8,0,0,10,Dennis Everberg,0,0,-6,0
0,0,1,70,26.1,DAL,D,15,66,18:03,14,0,1.5,0,0,34,Jordie Benn,2,0,-6,0
5,5,30,79,27.2,DAL,L,77,242,19:56,47,2,12.4,50.9,8,64,Jamie Benn,19,0,-5,0
0,6,28,75,21.4,PHI,R,50,188,16:48,22,0,14.9,80,14,66,Wayne Simmonds,24,0,-5,0
0,2,21,77,19.8,MIN,L,51,164,16:11,30,0,12.8,50,5,35,Thomas Vanek,16,0,-5,0
1,1,18,71,21.9,TOR,C,39,170,17:37,21,1,10.6,46.5,3,28,Nazem Kadri,7,0,-5,0
0,5,17,79,21.3,PHI,C,45,148,17:06,28,0,11.5,46.7,7,32,Brayden Schenn,19,0,-5,1
0,3,16,75,24.1,DET,L,62,222,19:06,46,0,7.2,50.8,3,32,Henrik Zetterberg,27,0,-5,1
0,2,16,79,28.6,SJS,D,59,235,23:58,43,0,6.8,0,6,63,Brent Burns,23,0,-5,1
1,1,15,72,24.1,SJS,C,35,153,16:32,20,1,9.8,44.3,4,38,Tommy Wingels,10,0,-5,0
1,1,11,73,19.7,OTT,R,26,100,13:31,15,0,11,14.3,3,67,Alex Chiasson,6,0,-5,0
0,0,10,53,17.9,CAR,L,18,65,12:32,8,0,15.4,60,3,14,Chris Terry,4,0,-5,0
0,3,10,42,17,VAN,R,16,55,12:37,6,0,18.2,0,1,81,Zack Kassian,1,0,-5,0
0,1,9,78,31.8,DET,D,43,99,23:48,34,0,9.1,100,3,40,Niklas Kronwall,23,0,-5,1
1,0,8,54,20.4,BUF,L,19,60,16:04,11,0,13.3,44.1,0,50,Marcus Foligno,1,0,-5,0
1,2,7,77,23.4,PHI,R,29,136,17:33,22,0,5.1,52.4,2,14,Matt Read,5,0,-5,0
0,1,7,79,21,CHI,C,17,123,13:07,10,0,5.7,53.1,0,30,Marcus Kruger,0,0,-5,0
0,2,7,27,25.1,CBJ,C,14,66,18:39,7,0,10.6,47.9,2,12,Boone Jenner,4,0,-5,0
2,1,6,68,22.4,EDM,C,13,65,13:19,7,1,9.2,55.9,1,17,Boyd Gordon,1,0,-5,0
0,1,6,77,12.8,WPG,R,13,59,8:01,7,0,10.2,64.7,0,76,Chris Thorburn,0,0,-5,0
0,0,5,78,24.2,OTT,D,21,128,19:18,16,0,3.9,0,1,6,Cody Ceci,4,0,-5,0
2,0,5,61,20.7,,C,17,78,15:07,12,0,6.4,48,0,8,Brian Flynn,1,0,-5,0
0,1,5,42,24.5,CAR,C,22,81,18:23,17,0,6.2,56.2,1,14,Jordan Staal,7,0,-5,0
0,0,3,63,27.3,COL,D,13,64,20:35,10,0,4.7,100,0,16,Brad Stuart,1,0,-5,0
0,0,2,58,27,PHI,D,12,62,20:00,10,0,3.2,0,1,41,Andrew MacDonald,5,0,-5,0
0,5,37,69,24.4,DAL,C,74,275,19:34,37,0,13.5,53.7,13,20,Tyler Seguin,28,0,-4,0
0,2,23,79,22.5,COL,L,57,205,18:24,34,0,11.2,36.4,8,77,Gabriel Landeskog,16,0,-4,0
3,4,20,79,24.2,ANA,C,47,202,19:35,27,1,9.9,56.3,5,75,Ryan Kesler,11,0,-4,2
0,3,18,70,18.3,FLA,R,34,159,15:08,16,0,11.3,44.4,4,20,Jimmy Hayes,11,0,-4,0
3,6,18,75,24.8,DAL,C,38,137,17:12,20,2,13.1,51.2,2,24,Cody Eakin,4,0,-4,2
0,4,16,75,21.8,,R,43,166,17:34,27,0,9.6,100,3,48,Jaromir Jagr,9,0,-4,1
0,0,15,75,25.4,SJS,C,63,126,18:30,48,0,11.9,58,3,30,Joe Thornton,20,0,-4,0
0,3,15,69,21.4,FLA,C,34,120,17:29,19,0,12.5,45.8,2,14,Aleksander Barkov,6,0,-4,0
0,3,11,78,26.4,CBJ,D,33,102,22:50,22,0,10.8,100,3,67,David Savard,9,0,-4,0
2,0,11,71,25,NJD,C,23,108,19:03,12,2,10.2,53.1,4,29,Travis Zajac,7,0,-4,0
0,1,9,70,17.5,ANA,L,34,120,14:18,25,0,7.5,33.3,1,82,Patrick Maroon,7,0,-4,0
1,0,9,69,18.2,MIN,C,20,81,13:00,11,1,11.1,49.4,0,47,Kyle Brodziak,0,0,-4,0
1,2,8,79,29.6,CHI,D,31,176,22:10,23,0,4.5,0,4,27,Brent Seabrook,15,0,-4,0
0,2,8,78,16.1,NYI,L,14,90,11:16,6,0,8.9,50,0,114,Matt Martin,0,0,-4,0
0,0,6,68,18.6,,C,17,75,13:16,11,0,8,50.2,0,33,James Sheppard,1,0,-4,0
1,1,5,78,14.7,WPG,C,12,49,9:07,7,0,10.2,59.1,0,58,Jim Slater,0,0,-4,0
0,1,5,50,22.1,NYI,D,18,81,19:30,13,0,6.2,0,2,6,Lubomir Visnovsky,5,0,-4,0
1,0,5,79,18.7,DET,L,13,93,13:16,8,1,5.4,31.6,0,25,Drew Miller,1,0,-4,0
0,0,5,66,16.2,,L,9,62,11:17,4,0,8.1,18.2,0,25,Rob Klinkhammer,0,0,-4,0
0,1,5,53,11.8,ANA,R,7,53,8:20,2,0,9.4,71.4,0,84,Tim Jackman,0,0,-4,0
0,0,4,75,24.3,FLA,D,13,110,18:47,9,0,3.6,0,0,58,Erik Gudbranson,4,0,-4,0
0,1,4,74,25.7,DET,D,13,87,17:56,9,0,4.6,0,0,68,Brendan Smith,2,0,-4,0
1,1,3,42,24.5,,D,11,31,18:47,8,0,9.7,0,0,32,Eric Brewer,0,0,-4,1
0,0,0,49,24,DAL,D,10,40,16:28,10,0,0,0,0,8,Jyrki Jokipakka,0,0,-4,0
2,4,27,79,26,SJS,C,66,256,19:07,39,2,10.5,48.7,6,12,Logan Couture,24,0,-3,0
0,4,19,80,22.2,WSH,R,34,136,16:51,15,0,14,48.3,6,28,Joel Ward,11,0,-3,1
1,0,18,77,18.8,VAN,C,27,132,13:08,9,0,13.6,44.9,1,16,Shawn Matthias,1,0,-3,0
0,1,13,65,21.7,CGY,R,29,110,14:18,16,0,11.8,48.4,2,18,David Jones,2,0,-3,0
0,4,13,79,20.8,SJS,C,31,141,14:39,18,0,9.2,46.9,3,16,Tomas Hertl,6,0,-3,0
1,1,12,77,18.5,LAK,L,25,124,14:19,13,0,9.7,60,0,19,Dwight King,1,0,-3,0
0,0,12,74,21.6,STL,C,26,141,14:32,14,0,8.5,48.6,0,26,Patrik Berglund,1,0,-3,0
0,2,10,72,26.9,BOS,D,42,188,21:20,32,0,5.3,0,5,41,Dougie Hamilton,15,0,-3,1
0,2,10,72,17.4,VAN,R,23,58,13:13,13,0,17.2,43.2,4,18,Linden Vey,6,0,-3,0
1,3,9,72,29.5,LAK,D,39,163,22:46,30,0,5.5,0,3,22,Jake Muzzin,13,0,-3,0
0,2,9,54,16.6,,L,19,104,13:06,10,0,8.7,33.3,0,40,Sean Bergenheim,2,0,-3,0
0,0,8,79,22.2,FLA,L,42,131,16:45,34,0,6.1,50.6,2,34,Jussi Jokinen,9,0,-3,0
0,3,8,59,17.6,NSH,L,16,76,12:00,8,0,10.5,50,2,18,Taylor Beck,2,0,-3,0
0,2,6,59,20.9,NJD,D,18,107,16:22,12,0,5.6,0,3,40,Eric Gelinas,9,0,-3,0
1,2,6,79,15.9,COL,L,11,87,11:08,5,1,6.9,11.1,0,185,Cody McLeod,0,0,-3,0
0,1,5,78,18.3,PHI,L,11,108,12:45,6,0,4.6,47.6,0,18,Pierre-Edouard Bellemare,0,0,-3,0
2,0,4,79,30.8,DAL,D,36,120,23:52,32,0,3.3,0,0,24,Alex Goligoski,8,0,-3,0
0,0,4,65,28.3,,D,12,81,20:51,8,0,4.9,0,0,16,Zbynek Michalek,0,0,-3,0
1,0,3,71,26.1,FLA,D,21,80,21:13,18,0,3.8,0,1,48,Dmitry Kulikov,5,0,-3,0
0,0,3,59,28.3,,D,17,120,23:36,14,0,2.5,0,0,76,Zach Bogosian,1,0,-3,0
1,0,3,73,28.5,,D,23,100,21:59,20,0,3,0,1,14,Andrej Sekera,6,0,-3,0
0,1,3,46,17.7,PIT,R,11,77,12:37,8,0,3.9,0,0,16,Beau Bennett,0,0,-3,0
0,0,2,54,22.3,,D,11,75,16:18,9,0,2.7,0,0,30,John Moore,4,0,-3,0
0,0,2,17,16.2,NYI,R,8,28,10:33,6,0,7.1,50,0,0,Colin McDonald,0,0,-3,0
1,4,22,77,23.7,COL,L,54,102,18:03,32,1,21.6,42.8,2,40,Alex Tanguay,13,0,-2,0
1,6,20,74,23.5,CBJ,R,38,203,17:07,18,1,9.9,44.4,6,22,Cam Atkinson,9,0,-2,0
1,3,17,55,23.6,EDM,L,30,100,16:31,13,1,17,38.2,4,28,Benoit Pouliot,7,0,-2,0
0,4,14,55,18.3,ANA,R,29,111,14:08,15,0,12.6,50,5,37,Kyle Palmieri,11,0,-2,1
0,0,13,76,22.4,DET,C,36,121,15:36,23,0,10.7,50.3,5,16,Riley Sheahan,11,0,-2,0
0,0,13,50,24.6,EDM,L,36,146,19:14,23,0,8.9,37.5,3,40,Taylor Hall,6,0,-2,0
0,0,9,79,22.1,PIT,C,26,87,15:17,17,0,10.3,48.3,1,26,Nick Spaling,1,0,-2,0
1,2,7,64,21,WSH,C,20,104,14:46,13,0,6.7,42.7,0,24,Brooks Laich,1,0,-2,0
0,2,7,75,18.1,WSH,L,19,93,12:56,12,0,7.5,56.6,0,51,Jason Chimera,0,0,-2,0
0,0,7,74,15.6,NJD,L,13,70,10:58,6,0,10,44.4,0,26,Tuomo Ruutu,0,0,-2,0
2,0,6,57,23.3,CGY,C,19,62,14:28,13,0,9.7,35,1,8,Paul Byron,1,0,-2,0
0,1,6,30,17,BOS,C,10,33,13:26,4,0,18.2,33.3,1,6,Seth Griffith,3,0,-2,0
2,1,6,72,19.7,,R,19,101,14:14,13,1,5.9,27.7,0,22,Devante Smith-Pelly,1,0,-2,0
0,1,6,78,12.8,STL,R,12,50,8:24,6,0,12,0,0,116,Ryan Reaves,0,0,-2,0
0,0,4,27,18.5,MIN,L,8,23,12:33,4,0,17.4,33.3,0,13,Matt Cooke,0,0,-2,0
0,0,3,58,25.7,PHI,D,14,67,18:04,11,0,4.5,0,0,18,Luke Schenn,0,0,-2,0
1,1,3,57,26.6,VAN,D,13,96,20:51,10,0,3.1,0,0,77,Kevin Bieksa,1,0,-2,0
1,0,3,71,17.8,,C,9,75,11:39,6,0,4,54.2,0,8,Marcel Goc,0,0,-2,0
0,1,1,67,23.2,ANA,D,8,66,17:37,7,0,1.5,0,0,66,Clayton Stoner,0,0,-2,0
0,2,26,73,22.7,CBJ,L,56,192,17:24,30,0,13.5,50,8,98,Scott Hartnell,15,0,-1,0
0,2,13,50,22.9,SJS,C,24,95,15:27,11,0,13.7,39.4,1,18,Melker Karlsson,1,0,-1,0
1,3,11,52,22.7,CBJ,L,20,85,16:10,9,0,12.9,55.6,0,28,Matt Calvert,0,0,-1,0
3,1,10,37,24.9,WPG,L,22,126,19:18,12,1,7.9,44.8,4,56,Evander Kane,6,0,-1,0
0,1,9,49,16.5,DET,C,24,48,11:22,15,0,18.8,42.1,3,16,Stephen Weiss,8,0,-1,0
0,1,8,45,21.4,CGY,C,18,62,13:34,10,0,12.9,36.8,1,16,Markus Granlund,2,0,-1,0
0,2,8,68,18.2,DAL,C,25,109,12:35,17,0,7.3,43.9,0,13,Colton Sceviour,4,0,-1,0
1,3,8,37,24,ARI,C,24,85,17:44,16,0,9.4,56.5,1,31,Martin Hanzal,4,0,-1,0
1,2,8,67,19.2,NYI,C,17,86,12:36,9,1,9.3,52.8,0,22,Casey Cizikas,1,0,-1,0
0,1,8,54,20.3,MTL,R,22,94,14:58,14,0,8.5,38.5,3,20,Pierre-Alexandre Parenteau,4,0,-1,0
0,2,7,79,31.7,STL,D,45,190,25:21:00,38,0,3.7,0,1,28,Alex Pietrangelo,11,0,-1,0
0,0,6,47,19.2,NJD,R,19,89,14:28,13,0,6.7,33.3,0,30,Michael Ryder,2,0,-1,0
0,1,6,31,19.4,DAL,R,9,78,13:59,3,0,7.7,25,0,12,Brett Ritchie,1,0,-1,0
0,1,5,56,22.3,COL,D,19,89,17:12,14,0,5.6,0,1,24,Zach Redmond,5,0,-1,0
0,1,5,67,15.9,,C,10,53,10:39,5,0,9.4,50.3,0,57,Andrew Desjardins,0,0,-1,0
1,3,5,78,19.4,ANA,C,18,85,13:14,13,1,5.9,53.1,0,39,Nate Thompson,0,0,-1,1
0,0,4,67,14.4,WSH,R,17,79,10:56,13,0,5.1,18.2,0,172,Tom Wilson,0,0,-1,0
1,2,4,59,16.5,SJS,R,12,66,11:00,8,0,6.1,52.2,0,33,Barclay Goodrow,0,0,-1,0
0,0,3,68,13,TBL,L,8,28,9:18,5,0,10.7,0,0,64,Brenden Morrow,0,0,-1,0
0,0,3,27,17.1,VAN,L,11,34,12:13,8,0,8.8,0,0,8,Ronalds Kenins,0,0,-1,0
0,0,3,51,21.3,,D,9,46,16:02,6,0,6.5,0,1,63,Jay Harrison,2,0,-1,0
0,0,3,50,14.5,TBL,R,9,67,10:35,6,0,4.5,46.2,0,30,J.T. Brown,0,0,-1,0
0,0,3,42,14.1,,L,9,29,9:14,6,0,10.3,0,0,18,Travis Moen,0,0,-1,0
2,0,2,57,24.8,,D,14,76,19:13,12,0,2.6,0,0,23,Ben Lovejoy,0,0,-1,0
0,0,1,62,22.2,CHI,D,11,54,16:54,10,0,1.9,0,0,22,Michal Rozsival,0,0,-1,0
1,7,35,79,22.5,NYI,C,80,264,20:39,45,0,13.3,52,12,46,John Tavares,30,0,0,4
0,1,26,79,21.7,COL,R,56,181,17:59,30,0,14.4,44.5,6,42,Jarome Iginla,11,0,0,0
0,4,23,78,26.5,PHI,C,70,271,20:39,47,0,8.5,56.6,13,36,Claude Giroux,36,0,0,2
1,6,23,79,23.7,OTT,C,60,209,19:09,37,1,11,49.6,4,34,Kyle Turris,15,0,0,1
0,0,20,77,22.5,OTT,C,45,146,16:26,25,0,13.7,48.9,4,18,Mika Zibanejad,14,0,0,0
0,4,16,75,22.9,LAK,C,63,126,19:23,47,0,12.7,52.4,6,10,Anze Kopitar,23,0,0,0
1,2,10,76,19.9,WPG,L,22,98,13:48,12,1,10.2,47.4,0,46,Adam Lowry,3,0,0,0
1,1,8,45,21.5,VAN,R,21,66,14:28,13,1,12.1,47.8,0,34,Brad Richardson,1,0,0,0
2,4,7,74,19.8,NYI,R,15,121,12:40,8,2,5.8,66.7,0,58,Cal Clutterbuck,1,0,0,0
1,1,7,60,18.6,NSH,L,12,60,13:11,5,1,11.7,33.3,0,15,Eric Nystrom,0,0,0,0
0,2,6,35,16.3,,C,13,74,11:23,7,0,8.1,44.4,0,10,Tyler Kennedy,0,0,0,0
0,1,5,79,18.7,,C,18,93,13:40,13,0,5.4,47.8,0,29,Max Talbot,0,0,0,0
0,0,5,36,17.3,BUF,L,14,48,14:05,9,0,10.4,46.5,1,12,Johan Larsson,4,0,0,0
0,0,3,78,23.6,LAK,D,9,65,15:51,6,0,4.6,0,0,52,Matt Greene,0,0,0,0
0,0,2,73,23.1,COL,D,15,37,16:38,13,0,5.4,0,0,28,Nate Guenin,0,0,0,0
1,0,2,27,25,SJS,D,8,37,17:34,6,0,5.4,0,1,16,Matt Tennyson,2,0,0,0
0,0,2,58,23,SJS,D,7,53,16:18,5,0,3.8,0,0,26,Scott Hannan,0,0,0,0
0,1,2,61,18.6,MIN,D,7,37,12:49,5,0,5.4,0,0,32,Nate Prosser,0,0,0,0
0,0,1,36,20.1,DAL,D,8,36,13:23,7,0,2.8,0,0,8,Jamie Oleksiak,0,0,0,0
2,8,27,65,23.9,NJD,L,40,151,18:20,13,2,17.9,42.5,9,26,Mike Cammalleri,11,0,1,0
1,4,21,78,23,BOS,R,45,164,18:27,24,0,12.8,33.3,6,14,Loui Eriksson,10,0,1,2
1,3,18,67,22.1,VAN,R,33,138,15:28,15,1,13,42.8,4,66,Alexandre Burrows,8,0,1,0
0,2,13,64,18.5,NJD,R,28,99,12:58,15,0,13.1,50,3,13,Steve Bernier,6,0,1,0
2,3,11,60,18.8,TOR,C,24,90,14:29,13,1,12.2,45.3,1,31,Peter Holland,3,0,1,0
0,1,9,65,14.2,NJD,R,14,72,10:13,5,0,12.5,100,1,72,Jordin Tootoo,1,0,1,0
2,0,9,77,19.9,OTT,C,27,85,13:58,18,0,10.6,46.5,6,32,David Legwand,12,0,1,0
0,0,9,68,18.3,,L,23,83,13:32,14,0,10.8,0,2,22,Jiri Sekac,3,0,1,0
0,2,9,63,28.7,MIN,D,24,123,22:40,15,0,7.3,0,3,6,Jared Spurgeon,6,0,1,0
3,1,8,61,20.4,TOR,C,26,84,14:49,18,1,9.5,49.5,0,18,Leo Komarov,1,0,1,0
3,0,8,60,28.7,BOS,D,20,132,23:17,12,0,6.1,100,4,40,Zdeno Chara,5,0,1,0
0,0,6,64,18.3,OTT,C,13,87,12:53,7,0,6.9,47.2,0,14,Curtis Lazar,0,0,1,0
3,1,6,59,18,NJD,C,11,59,12:23,5,3,10.2,49.4,0,18,Jacob Josefson,2,0,1,0
1,2,6,69,17.6,BOS,C,12,64,12:05,6,1,9.4,54,0,45,Gregory Campbell,0,0,1,0
1,0,5,51,22.4,FLA,C,21,69,16:25,16,1,7.2,44.6,0,46,Dave Bolland,5,0,1,0
0,1,4,31,17.8,CHI,C,8,60,12:43,4,0,6.7,46.2,0,2,Teuvo Teravainen,1,0,1,0
0,1,1,45,23,CAR,D,9,23,16:12,8,0,4.3,0,0,27,Brett Bellemore,0,0,1,0
0,0,1,20,25.8,PIT,D,9,27,20:42,8,0,3.7,0,0,10,Olli Maatta,2,0,1,0
0,0,0,36,17.1,NSH,D,10,26,13:14,10,0,0,0,0,26,Victor Bartley,0,0,1,0
0,0,0,57,28.3,VAN,D,22,75,21:32,22,0,0,0,0,44,Dan Hamhuis,2,0,1,0
0,6,42,80,22,TBL,C,71,261,19:23,29,0,16.1,49.7,12,47,Steven Stamkos,24,0,2,0
1,0,21,68,20.3,,L,39,122,14:32,18,1,17.2,31.2,3,14,Erik Cole,9,0,2,0
3,3,18,78,24.1,WPG,R,41,197,17:28,23,3,9.1,34.2,3,16,Michael Frolik,7,0,2,0
0,4,14,77,24.4,MIN,C,47,172,19:18,33,0,8.1,55.4,4,38,Mikko Koivu,15,0,2,1
0,2,14,70,17.7,PIT,R,28,99,12:25,14,0,14.1,50,3,236,Steve Downie,5,0,2,0
0,1,13,69,22.3,,L,35,106,15:44,22,0,12.3,44.4,4,45,Curtis Glencross,11,0,2,0
2,2,12,77,18.4,,C,32,144,14:23,20,1,8.3,46.7,0,14,Mike Santorelli,2,0,2,0
1,2,12,47,31,COL,D,23,115,24:25:00,11,0,10.4,0,3,33,Erik Johnson,6,0,2,0
0,4,12,57,22.9,CGY,C,24,83,14:36,12,0,14.5,48.6,4,14,Josh Jooris,5,0,2,1
0,1,7,77,20.1,,R,14,88,13:04,7,0,8,51.4,0,2,Ben Smith,0,0,2,0
0,0,7,50,18.3,,C,20,78,13:25,13,0,9,51.4,2,8,Andrej Nestrasil,5,0,2,0
0,0,7,62,29.3,WPG,D,22,120,23:11,15,0,5.8,0,1,44,Jacob Trouba,6,0,2,0
1,1,6,16,23.4,PIT,R,11,44,16:38,5,0,13.6,100,2,4,Pascal Dupuis,3,0,2,0
0,0,5,54,17.7,NYR,R,13,46,11:49,8,0,10.9,21,0,8,Jesper Fast,1,0,2,0
0,0,5,34,23,DET,D,13,53,15:52,8,0,9.4,0,2,20,Jakub Kindl,7,0,2,0
0,0,3,79,28.1,BOS,D,12,103,22:05,9,0,2.9,0,0,34,Dennis Seidenberg,0,0,2,0
1,0,3,64,26.3,FLA,D,7,76,21:45,4,0,3.9,0,0,23,Willie Mitchell,0,0,2,0
0,1,2,22,16.7,NSH,L,9,24,11:46,7,0,8.3,100,0,14,Viktor Stalberg,0,0,2,0
1,0,1,64,23.9,NYI,D,12,90,19:01,11,1,1.1,0,0,24,Calvin de Haan,1,0,2,0
0,0,1,43,27.6,,D,11,46,19:56,10,0,2.2,0,0,25,Braydon Coburn,0,0,2,0
0,0,0,76,27.3,WSH,D,18,65,21:49,18,0,0,0,0,66,Brooks Orpik,0,0,2,0
0,4,28,66,22.8,PIT,C,70,198,18:56,42,0,14.1,41.7,9,60,Evgeni Malkin,26,0,3,1
0,5,23,71,23.9,DET,L,44,154,17:54,21,0,14.9,46.7,8,72,Justin Abdelkader,14,0,3,2
2,4,22,78,25.6,BOS,C,54,228,18:05,32,1,9.6,59.9,3,44,Patrice Bergeron,13,0,3,1
0,4,21,79,22.5,COL,C,53,204,18:28,32,0,10.3,52.2,2,16,Matt Duchene,6,0,3,0
0,4,17,79,23.7,VAN,L,71,218,18:23,54,0,7.8,40,4,18,Daniel Sedin,24,0,3,3
0,1,15,67,21,NYI,L,38,138,16:49,23,0,10.9,41.7,2,12,Josh Bailey,4,0,3,0
3,5,15,80,18.2,TBL,C,24,137,12:53,9,3,10.9,51.1,0,54,Brian Boyle,0,0,3,0
1,1,13,66,22.5,OTT,L,34,130,16:22,21,1,10,47.8,5,33,Milan Michalek,10,0,3,0
0,3,13,77,15.8,CHI,L,26,105,11:58,13,0,12.4,0,1,34,Bryan Bickell,3,0,3,0
0,3,12,76,18.7,CHI,C,37,199,14:53,25,0,6,48.4,2,12,Brad Richards,7,0,3,0
0,3,11,62,27,DAL,D,39,97,21:47,28,0,11.3,0,2,32,John Klingberg,11,0,3,1
0,4,9,60,20.4,,D,20,95,16:11,11,0,9.5,0,0,35,Kevin Connauton,3,0,3,1
0,3,9,41,16.3,TBL,C,16,45,11:59,7,0,20,45.2,1,11,Vladislav Namestnikov,2,0,3,0
0,2,9,51,18.4,NYI,C,19,81,14:16,10,0,11.1,45.8,0,8,Mikhail Grabovski,1,0,3,0
0,1,8,26,18.3,BOS,C,18,66,14:32,10,0,12.1,43.2,3,2,Ryan Spooner,5,0,3,1
0,1,8,50,23.1,SJS,D,19,82,16:51,11,0,9.8,0,1,16,Matt Irwin,3,0,3,0
1,1,7,47,20.3,OTT,C,16,91,14:06,9,1,7.7,49.2,0,9,Jean-Gabriel Pageau,0,0,3,0
1,1,6,31,16.4,PHI,C,12,42,11:34,6,0,14.3,52.4,0,23,Ryan White,0,0,3,0
0,0,4,39,12.6,CHI,L,8,42,8:11,4,0,9.5,0,0,54,Daniel Carcillo,0,0,3,0
0,0,3,80,25.4,FLA,D,26,115,23:09,23,0,2.6,0,1,22,Brian Campbell,12,0,3,0
0,2,3,53,22.6,OTT,D,13,75,17:55,10,0,4,0,1,26,Patrick Wiercioch,5,0,3,1
3,1,3,61,25.5,NJD,D,24,86,20:48,21,0,3.5,0,0,28,Adam Larsson,0,0,3,0
1,0,3,51,14.8,MIN,C,13,47,10:02,10,1,6.4,41.4,0,55,Ryan Carter,0,0,3,0
1,1,3,79,28.1,NJD,D,22,75,23:29,19,0,4,0,0,20,Andy Greene,1,0,3,0
0,1,2,77,28.1,PHI,D,15,64,19:01,13,0,3.1,0,0,45,Nick Schultz,1,0,3,0
0,7,31,76,21.7,VAN,R,61,258,16:38,30,0,12,55.6,12,20,Radim Vrbata,23,0,4,0
1,5,24,77,19.8,MIN,R,37,146,14:35,13,1,16.4,28.6,6,26,Nino Niederreiter,8,0,4,0
4,3,19,77,24.3,PIT,C,31,172,17:24,12,4,11,50.6,3,14,Brandon Sutter,5,0,4,0
3,2,15,80,20.3,ANA,L,28,133,14:33,13,3,11.3,27.3,0,14,Andrew Cogliano,0,0,4,0
2,0,14,79,24.7,PHI,C,34,140,18:24,20,1,10,48.7,1,26,Sean Couturier,6,0,4,0
4,0,14,79,20.4,NYI,L,29,110,14:42,15,3,12.7,31.2,0,21,Nikolay Kulemin,0,0,4,0
0,0,12,77,25.3,COL,D,51,137,21:15,39,0,8.8,0,2,26,Tyson Barrie,16,0,4,0
0,2,12,79,21.2,DET,C,17,102,14:36,5,0,11.8,52.1,1,34,Luke Glendening,1,0,4,0
0,3,10,54,18,NYR,C,22,85,12:36,12,0,11.8,45.2,2,23,J.T. Miller,3,0,4,0
0,1,9,62,24.6,VAN,D,19,109,17:04,10,0,8.3,0,3,26,Yannick Weber,6,0,4,0
2,2,7,78,25.7,ANA,D,34,86,21:09,27,1,8.1,0,1,14,Cam Fowler,9,0,4,1
2,3,7,76,17.4,VAN,R,25,84,12:00,18,2,8.3,43.8,0,169,Derek Dorsett,0,0,4,0
2,2,6,69,21.2,LAK,C,16,79,15:39,10,0,7.6,51.6,3,56,Jarret Stoll,4,0,4,1
0,0,4,69,16.7,TBL,L,32,75,13:12,28,0,5.3,52.4,3,34,Jonathan Drouin,6,0,4,0
0,0,3,26,18.2,LAK,D,9,18,12:41,6,0,16.7,0,1,4,Jamie McBain,3,0,4,0
1,1,2,77,23,STL,D,15,83,16:49,13,0,2.4,0,0,47,Barret Jackman,0,0,4,0
0,0,2,39,21.5,MIN,D,10,38,15:08,8,0,5.3,0,0,11,Christian Folin,1,0,4,0
2,1,2,67,26,WPG,D,14,50,19:05,12,0,4,0,0,65,Mark Stuart,0,0,4,0
2,7,30,79,27.6,CGY,C,60,185,19:34,30,1,16.2,49.4,10,12,Sean Monahan,19,0,5,3
0,7,28,79,22.2,DET,L,54,204,16:12,26,0,13.7,45.4,9,26,Tomas Tatar,19,0,5,0
0,3,22,79,23.8,PHI,R,79,213,18:38,57,0,10.3,66.7,11,78,Jakub Voracek,32,0,5,2
1,1,19,58,24.5,NSH,C,39,109,18:26,20,1,17.4,52.7,7,39,Mike Fisher,10,0,5,0
0,3,18,80,24.4,WSH,C,75,150,20:33,57,0,12,53.7,3,40,Nicklas Backstrom,32,0,5,1
1,3,18,68,24.9,WPG,D,45,206,22:39,27,0,8.7,0,5,122,Dustin Byfuglien,17,0,5,1
1,5,17,71,23.3,PIT,L,40,160,17:55,23,1,10.6,53.8,9,56,Chris Kunitz,16,0,5,0
0,5,16,58,21.6,PIT,L,30,142,15:25,14,0,11.3,77.8,0,65,Blake Comeau,1,0,5,2
0,6,15,71,24.3,STL,C,45,138,17:35,30,0,10.9,58.3,7,38,Paul Stastny,15,0,5,0
0,2,15,78,31,CGY,D,52,170,24:32:00,37,0,8.8,0,6,34,Dennis Wideman,20,0,5,1
0,6,15,72,23.8,VAN,C,37,143,16:53,22,0,10.5,48,1,22,Nick Bonino,4,0,5,0
1,1,14,72,22.6,DET,C,30,150,15:41,16,1,9.3,53.9,3,12,Darren Helm,6,0,5,0
1,1,12,65,25.6,ANA,D,37,112,21:30,25,1,10.7,50,7,36,Sami Vatanen,17,0,5,0
2,3,12,62,18,TBL,C,19,87,13:31,7,2,13.8,48.5,0,51,Cedric Paquette,0,0,5,0
0,2,12,52,15.9,,R,17,77,12:00,5,0,15.6,42.8,2,38,Brett Connolly,3,0,5,0
2,2,9,78,20.6,NYR,C,24,110,13:50,15,2,8.2,54.5,0,28,Dominic Moore,1,0,5,0
0,0,7,31,19.3,NYI,R,12,55,12:47,5,0,12.7,0,0,4,Michael Grabner,0,0,5,0
0,1,6,40,17.6,SJS,C,19,45,12:05,13,0,13.3,44.2,1,4,Chris Tierney,3,0,5,0
1,1,6,71,19.3,NSH,C,17,93,12:49,11,0,6.5,46.5,0,18,Calle Jarnkrok,0,0,5,0
0,1,6,76,14.1,LAK,L,15,107,10:40,9,0,5.6,33.3,0,85,Kyle Clifford,0,0,5,0
0,2,5,28,16.1,DET,L,8,61,11:46,3,0,8.2,0,1,10,Teemu Pulkkinen,2,0,5,0
2,1,5,59,19.1,NJD,C,12,83,13:00,7,0,6,40.6,0,12,Stephen Gionta,0,0,5,0
1,0,4,80,18,MTL,L,17,77,13:01,13,0,5.2,51.6,0,132,Brandon Prust,0,0,5,0
0,1,4,60,19.2,,C,9,106,13:19,5,0,3.8,41.3,0,28,Olli Jokinen,0,0,5,0
0,0,4,38,15.1,OTT,R,7,23,9:44,3,0,17.4,60,1,78,Chris Neil,1,0,5,0
1,0,3,32,24.3,STL,D,8,52,17:07,5,1,5.8,0,0,23,Chris Butler,0,0,5,0
0,0,2,73,28,CHI,D,10,74,20:18,8,0,2.7,0,0,26,Johnny Oduya,0,0,5,0
0,0,2,36,21.5,WPG,D,8,35,16:50,6,0,5.7,0,0,22,Ben Chiarot,0,0,5,0
0,0,1,62,19.8,MTL,D,9,61,15:46,8,0,1.6,0,0,45,Nathan Beaulieu,2,0,5,0
1,0,0,79,24.3,PIT,D,8,51,18:54,8,0,0,0,0,17,Rob Scuderi,0,0,5,0
2,5,28,78,22.1,LAK,C,60,211,18:01,32,1,13.3,53.2,10,28,Jeff Carter,15,0,6,0
0,5,24,73,28.1,STL,L,62,221,19:59,38,0,10.9,50.1,8,33,Alexander Steen,24,0,6,1
3,5,22,74,22.9,BOS,L,40,172,16:53,18,2,12.8,40.6,2,95,Brad Marchand,2,0,6,3
0,4,22,47,18.2,FLA,C,24,138,14:45,2,0,15.9,48.8,7,14,Brandon Pirri,7,0,6,0
0,3,21,79,26.8,OTT,D,65,283,27:13:00,44,0,7.4,0,6,42,Erik Karlsson,30,0,6,1
0,1,19,80,19.7,WSH,L,45,135,16:26,26,0,14.1,43.8,3,10,Marcus Johansson,15,0,6,0
0,5,18,75,22.6,OTT,R,54,213,17:32,36,0,8.5,36.4,4,22,Bobby Ryan,14,0,6,1
0,3,14,67,18.4,,R,26,110,12:40,12,0,12.7,37.5,0,20,Lee Stempniak,1,0,6,0
0,4,11,51,18.7,STL,R,16,100,13:24,5,0,11,42.8,2,12,Dmitrij Jaskin,2,0,6,0
0,1,11,44,19.8,DAL,R,23,81,13:28,12,0,13.6,40,4,8,Patrick Eaves,7,0,6,0
1,2,10,62,17.9,WSH,R,20,84,12:48,10,0,11.9,56.5,0,20,Jay Beagle,0,0,6,0
2,2,10,49,26.6,CGY,C,27,98,17:57,17,2,10.2,48.1,0,14,Mikael Backlund,1,0,6,1
1,4,9,60,29.2,MIN,D,21,106,21:51,12,0,8.5,0,1,54,Marco Scandella,5,0,6,2
1,0,7,79,24.5,NSH,D,26,115,19:49,19,1,6.1,0,2,20,Seth Jones,11,0,6,0
2,2,7,77,20.9,BOS,C,27,109,15:08,20,1,6.4,49.1,0,48,Chris Kelly,0,0,6,0
1,0,7,56,18.7,CGY,C,16,42,11:44,9,0,16.7,50.5,0,28,Matt Stajan,0,0,6,0
0,0,3,62,16.7,DET,R,18,92,11:27,15,0,3.3,0,1,14,Tomas Jurco,2,0,6,0
0,0,1,48,22.5,,D,14,46,17:41,13,0,2.2,100,0,18,Sergei Gonchar,4,0,6,0
0,3,27,74,24.9,PIT,C,81,227,19:58,54,0,11.9,49.5,10,45,Sidney Crosby,31,0,7,1
0,3,26,78,27.6,STL,C,57,178,18:37,31,0,14.6,54.8,10,100,David Backes,15,0,7,0
0,6,22,79,23.1,CHI,L,51,197,17:15,29,0,11.2,42.7,2,12,Brandon Saad,10,0,7,1
1,2,21,64,20.7,PHI,L,28,129,14:06,7,1,16.3,45,2,30,Michael Raffl,2,0,7,0
0,3,20,79,20.9,NYI,C,42,183,15:53,22,0,10.9,44,10,22,Brock Nelson,15,0,7,0
0,2,18,59,20.9,WPG,C,40,123,16:26,22,0,14.6,51.6,5,38,Mathieu Perreault,11,0,7,1
0,1,11,73,19.3,DAL,C,28,78,13:03,17,0,14.1,50.3,4,21,Shawn Horcoff,5,0,7,0
1,1,7,44,22.3,BOS,C,29,65,18:15,22,1,10.8,52.4,1,22,David Krejci,8,0,7,0
1,2,6,78,32.6,LAK,D,43,205,29:00:00,37,0,2.9,0,0,54,Drew Doughty,15,0,7,0
0,1,4,70,18.8,NSH,C,14,53,12:23,10,0,7.5,56.3,0,56,Paul Gaustad,0,0,7,0
1,0,3,80,27.6,WSH,D,30,111,22:22,27,0,2.7,0,2,47,Matt Niskanen,10,0,7,0
0,1,2,67,29.6,VAN,D,20,50,20:59,18,0,4,0,0,12,Christopher Tanev,2,0,7,1
0,0,2,58,26.3,STL,D,12,53,18:04,10,0,3.8,0,0,2,Carl Gunnarsson,1,0,7,0
0,0,2,69,30.7,STL,D,13,89,22:47,11,0,2.2,0,0,22,Jay Bouwmeester,4,0,7,0
0,2,26,65,19.9,LAK,R,46,163,16:58,20,0,16,100,11,16,Marian Gaborik,18,0,8,0
1,3,24,67,26.9,WPG,C,52,142,19:58,28,1,16.9,49.5,9,20,Bryan Little,18,0,8,1
0,4,22,78,24.5,CGY,L,61,160,17:36,39,0,13.8,37.5,7,14,Johnny Gaudreau,20,0,8,0
1,4,19,75,20.8,WSH,C,33,142,14:51,14,1,13.4,52,1,20,Eric Fehr,1,0,8,2
0,2,15,78,23.4,WPG,C,47,163,18:31,32,0,9.2,42.9,3,24,Mark Scheifele,13,0,8,0
1,5,15,71,20.7,TBL,C,38,130,16:55,23,1,11.5,43.8,1,36,Alex Killorn,3,0,8,0
3,4,14,78,23.6,NYI,C,43,157,16:34,29,1,8.9,48.2,4,12,Frans Nielsen,18,0,8,0
0,0,13,77,20.8,FLA,L,52,167,16:45,39,0,7.8,14.3,0,34,Jonathan Huberdeau,12,0,8,0
0,1,12,75,22.3,VAN,L,35,167,15:45,23,0,7.2,33.3,3,16,Chris Higgins,4,0,8,0
0,0,4,59,28.7,WPG,D,23,58,23:36,19,0,6.9,0,1,34,Toby Enstrom,7,0,8,0
0,0,3,66,25.6,MTL,D,14,42,19:47,11,0,7.1,0,0,53,Alexei Emelin,0,0,8,0
0,3,3,49,26.1,PIT,D,14,110,21:45,11,0,2.7,0,0,26,Christian Ehrhoff,2,0,8,0
0,0,3,23,14.7,MIN,C,7,47,10:52,4,0,6.4,0,0,2,Jordan Schroeder,0,0,8,0
0,0,0,72,21.4,OTT,D,11,63,15:39,11,0,0,0,0,97,Eric Gryba,0,0,8,0
1,6,24,78,26.6,WPG,L,61,210,20:02,37,0,11.4,35,9,72,Andrew Ladd,18,0,9,1
0,1,20,78,22.9,MTL,C,46,160,16:25,26,0,12.5,47.1,3,37,Alex Galchenyuk,12,0,9,0
0,1,20,70,23,NYR,R,48,133,17:33,28,0,15,46.4,5,18,Martin St. Louis,13,0,9,0
0,2,18,77,19.2,LAK,R,40,164,15:44,22,0,11,50,4,29,Justin Williams,13,0,9,0
0,3,17,78,21.6,MIN,R,52,238,18:20,35,0,7.1,45.3,3,8,Jason Pominville,14,0,9,0
0,0,13,78,21,BOS,R,40,137,15:27,27,0,9.5,25,1,20,Reilly Smith,11,0,9,0
0,1,9,69,16,ANA,C,31,102,12:33,22,0,8.8,46.9,2,10,Rickard Rakell,9,0,9,0
0,0,8,55,24.4,NSH,D,25,111,19:03,17,0,7.2,0,1,27,Ryan Ellis,5,0,9,0
0,1,7,31,18.2,CBJ,C,18,73,13:13,11,0,9.6,41.4,0,12,Marko Dano,0,0,9,0
0,0,5,65,25.2,PHI,D,13,41,17:42,8,0,12.2,0,0,28,Nicklas Grossmann,0,0,9,0
2,0,3,65,25.2,CBJ,D,15,55,19:51,12,0,5.5,0,0,40,Fedor Tyutin,1,0,9,0
1,1,2,74,31.1,MIN,D,37,145,29:02:00,35,0,1.4,0,1,46,Ryan Suter,11,0,9,0
0,0,1,68,27.4,SJS,D,23,92,21:05,22,0,1.1,0,0,48,Justin Braun,2,0,9,0
0,5,27,61,22.9,CHI,R,64,186,19:51,37,0,14.5,42.8,6,10,Patrick Kane,22,0,10,0
0,4,24,61,24.2,DET,C,61,159,19:01,37,0,15.1,53.5,8,8,Pavel Datsyuk,24,0,10,1
0,4,24,75,21.1,TBL,R,54,188,17:43,30,0,12.8,48.4,10,41,Ryan Callahan,16,0,10,0
4,5,24,80,26.9,MTL,C,58,238,19:05,34,3,10.1,50.1,6,46,Tomas Plekanec,15,0,10,0
0,4,23,79,21.1,NSH,C,42,243,15:46,19,0,9.5,40,6,44,Craig Smith,8,0,10,1
0,6,23,73,18.6,NYI,C,39,184,14:15,16,0,12.5,100,5,33,Anders Lee,6,0,10,0
0,0,18,79,23.9,VAN,C,68,100,18:39,50,0,18,45.1,5,22,Henrik Sedin,24,0,10,0
1,4,16,77,21.9,CGY,C,34,103,14:05,18,0,15.5,39.2,0,54,Lance Bouma,1,0,10,0
0,3,13,79,20.8,BOS,C,44,159,16:48,31,0,8.2,48.7,5,26,Carl Soderberg,8,0,10,0
0,3,13,76,19.5,FLA,R,36,149,15:42,23,0,8.7,55.6,5,16,Brad Boyes,9,0,10,1
1,2,11,80,28.7,WSH,D,53,188,23:07,42,1,5.9,0,3,28,John Carlson,15,0,10,0
1,1,11,43,25.5,CBJ,C,31,94,18:10,20,1,11.7,50.8,0,39,Brandon Dubinsky,6,0,10,0
0,1,11,78,16.9,WSH,C,36,124,13:14,25,0,8.9,44.9,4,24,Evgeny Kuznetsov,13,0,10,1
0,1,7,71,30.6,VAN,D,24,171,24:01:00,17,0,4.1,0,5,54,Alexander Edler,12,0,10,0
0,1,7,59,18.8,NSH,C,24,86,12:59,17,0,8.1,55.5,0,16,Matt Cullen,4,0,10,0
0,0,7,48,17.3,FLA,C,22,88,14:01,15,0,8,48.5,1,24,Vincent Trocheck,1,0,10,0
0,1,6,52,27.2,LAK,D,21,92,19:58,15,0,6.5,0,1,8,Alec Martinez,4,0,10,0
0,0,4,72,25.1,MTL,D,12,70,19:20,8,0,5.7,0,0,30,Tom Gilbert,0,0,10,0
1,0,3,70,28.3,DET,D,18,89,19:28,15,0,3.4,0,0,75,Kyle Quincey,0,0,10,0
1,0,3,63,27.3,LAK,D,13,59,20:18,10,0,5.1,0,0,43,Robyn Regehr,0,0,10,0
0,0,3,53,23.3,VAN,D,11,59,15:56,8,0,5.1,0,0,33,Ryan Stanton,0,0,10,0
0,0,1,67,21.6,LAK,D,23,69,15:46,22,0,1.4,100,0,47,Brayden McNabb,5,0,10,0
0,0,0,72,21.7,TBL,D,13,55,17:42,13,0,0,0,0,34,Andrej Sustr,1,0,10,0
0,11,52,79,22.4,WSH,L,80,389,20:21,28,0,13.4,40,24,56,Alex Ovechkin,33,0,11,0
2,3,21,80,22.4,WSH,R,41,139,17:31,20,2,15.1,57,8,53,Troy Brouwer,14,0,11,0
0,3,18,76,23.7,NYR,C,59,159,17:26,41,0,11.3,48.6,5,34,Derick Brassard,17,0,11,2
0,4,12,79,24.3,FLA,D,37,163,21:48,25,0,7.4,0,6,32,Aaron Ekblad,11,0,11,0
1,2,9,69,18.3,LAK,C,25,136,14:08,16,1,6.6,42.8,0,10,Trevor Lewis,0,0,11,0
2,1,9,65,20,OTT,R,23,99,14:21,14,1,9.1,22.2,0,28,Erik Condra,0,0,11,0
1,1,8,69,25.3,NYI,D,34,180,21:34,26,0,4.4,100,5,12,Johnny Boychuk,15,0,11,1
0,1,8,65,19.3,,L,26,128,14:41,18,0,6.3,28.6,0,10,Tomas Fleischmann,1,0,11,0
0,0,4,57,25,TBL,D,17,71,20:29,13,0,5.6,0,1,26,Matthew Carle,1,0,11,0
0,1,2,77,30.6,DET,D,30,84,20:58,28,0,2.4,0,0,38,Danny DeKeyser,6,0,11,0
0,5,37,79,27,SJS,C,69,249,20:10,32,0,14.9,55.6,19,27,Joe Pavelski,30,0,12,0
0,3,30,75,24.8,CBJ,L,70,171,18:54,40,0,17.5,47.6,11,46,Nick Foligno,26,0,12,1
0,4,11,78,19.2,MIN,C,35,118,14:40,24,0,9.3,46,1,37,Charlie Coyle,3,0,12,0
1,1,11,69,28.2,PIT,D,54,197,25:29:00,43,1,5.6,0,2,79,Kris Letang,24,0,12,0
0,2,10,57,26,TBL,D,37,113,22:36,27,0,8.8,0,3,40,Victor Hedman,10,0,12,1
0,3,9,70,27.7,SJS,D,23,98,22:06,14,0,9.2,0,0,23,Marc-Edouard Vlasic,3,0,12,1
0,2,9,51,16.6,WSH,L,22,63,12:56,13,0,14.3,44,2,10,Andre Burakovsky,3,0,12,0
0,0,5,71,21.5,,D,16,81,15:36,11,0,6.2,0,0,51,Ian Cole,1,0,12,0
1,1,3,78,30.2,NYR,D,19,104,22:46,16,0,2.9,0,1,20,Dan Girardi,3,0,12,0
0,0,1,60,22.1,OTT,D,10,29,15:56,9,0,3.4,0,0,105,Mark Borowiecki,0,0,12,0
0,4,29,76,25.6,CGY,C,72,150,17:56,43,0,19.3,48.8,6,14,Jiri Hudler,16,0,13,1
0,4,24,61,23,PIT,R,48,208,17:34,24,0,11.5,28.6,6,38,Patric Hornqvist,15,0,13,1
0,3,15,79,22,NSH,C,61,93,18:43,46,0,16.1,43.3,1,52,Mike Ribeiro,12,0,13,0
1,1,15,75,18.7,NYR,R,39,102,12:53,24,1,14.7,36.7,1,22,Kevin Hayes,3,0,13,0
1,2,11,61,31.3,CGY,D,48,157,25:10:00,37,1,7,0,2,37,Mark Giordano,14,0,13,1
1,2,10,78,30,CHI,D,45,166,25:34:00,35,0,6,0,3,20,Duncan Keith,16,0,13,0
0,2,9,68,16.7,MIN,R,30,99,11:53,21,0,9.1,50,0,12,Justin Fontaine,1,0,13,0
1,1,8,61,22.2,CGY,C,28,65,15:19,20,1,12.3,52.1,1,43,Joe Colborne,5,0,13,0
0,1,3,74,22.7,,D,23,102,16:51,20,0,2.9,0,0,82,Simon Despres,1,0,13,1
2,4,28,72,25.5,STL,L,62,180,18:14,34,0,15.6,46.9,8,14,Jaden Schwartz,16,0,14,1
2,6,24,76,23.5,ANA,C,68,186,20:06,44,0,12.9,50.7,3,58,Ryan Getzlaf,13,0,14,2
0,1,14,58,20.2,CHI,L,34,129,15:55,20,0,10.9,31.2,2,31,Kris Versteeg,5,0,14,0
0,3,12,42,17.9,LAK,L,16,68,13:17,4,0,17.6,62.5,1,14,Tanner Pearson,1,0,14,0
3,3,11,79,32,CGY,D,41,131,25:08:00,30,1,8.4,0,3,30,TJ Brodie,9,0,14,1
0,3,10,43,18.7,BOS,R,27,91,14:09,17,0,11,31.2,2,8,David Pastrnak,3,0,14,1
0,2,8,54,19.4,MIN,D,15,83,14:57,7,0,9.6,0,2,19,Matt Dumba,5,0,14,1
0,0,5,80,25.7,WSH,D,21,70,19:25,16,0,7.1,0,0,20,Karl Alzner,0,0,14,0
0,3,33,65,21.1,ANA,R,54,189,18:08,21,0,17.5,25,4,67,Corey Perry,7,0,15,1
0,6,24,79,21.8,NSH,C,61,226,17:19,37,0,10.6,42.8,6,24,Filip Forsberg,19,0,15,2
0,6,23,64,22,NSH,L,37,207,18:02,14,0,11.1,41.2,3,57,James Neal,4,0,15,2
0,8,22,63,18.7,ANA,L,32,142,14:31,10,0,15.5,44.4,4,39,Matt Beleskey,4,0,15,0
1,2,15,76,30.6,NSH,D,45,227,26:22:00,30,1,6.6,0,5,72,Shea Weber,15,0,15,1
3,1,12,79,21.1,ANA,R,38,183,15:37,26,1,6.6,46,2,24,Jakob Silfverberg,4,0,15,0
0,0,12,75,24.6,BOS,D,37,187,19:32,25,0,6.4,0,2,18,Torey Krug,13,0,15,0
0,2,10,70,22.5,WSH,D,45,154,19:06,35,0,6.5,0,1,32,Mike Green,17,0,15,0
0,1,7,77,24.8,NSH,D,18,83,19:00,11,0,8.4,0,1,52,Mattias Ekholm,2,0,15,1
0,4,26,76,19.4,OTT,L,47,193,14:38,21,0,13.5,53.8,1,14,Mike Hoffman,3,0,16,1
1,5,22,77,22.4,OTT,R,59,146,16:52,37,1,15.1,38.9,4,14,Mark Stone,12,0,16,1
0,4,19,70,27.2,STL,R,55,157,18:45,36,0,12.1,16.7,3,45,T.J. Oshie,13,0,16,1
0,4,18,78,20.4,BOS,L,44,137,16:27,26,0,13.1,44.7,2,79,Milan Lucic,8,0,16,0
3,4,15,79,30.2,NSH,D,55,195,26:28:00,40,0,7.7,0,3,26,Roman Josi,15,0,16,1
0,1,10,75,23.4,NYI,D,33,114,20:15,23,0,8.8,0,1,14,Nick Leddy,11,0,16,0
0,0,4,77,31.7,CGY,D,33,111,23:52,29,0,3.6,0,1,17,Kris Russell,13,0,16,0
0,1,3,46,17,CHI,D,14,57,12:39,11,0,5.3,0,0,8,David Rundblad,1,0,16,0
0,3,15,76,23.4,NYR,R,49,149,17:15,34,0,10.1,43.2,0,43,Mats Zuccarello,6,0,17,0
0,3,9,61,26.2,NYR,D,19,114,20:12,10,0,7.9,0,3,20,Dan Boyle,7,0,17,0
0,0,5,69,25.5,NYI,D,33,129,22:03,28,0,3.9,0,1,85,Travis Hamonic,8,0,17,0
1,2,22,79,25.1,CHI,R,60,240,18:34,38,1,9.2,57.1,6,32,Marian Hossa,17,0,18,0
0,2,7,64,22,MIN,C,36,90,17:55,29,0,7.8,47.6,0,18,Mikael Granlund,7,0,18,0
2,0,5,78,28.6,NYR,D,19,94,21:10,14,0,5.3,50,0,42,Marc Staal,0,0,18,0
0,1,2,51,22.2,NYR,D,11,68,15:53,9,0,2.9,0,0,14,Matt Hunwick,2,0,18,0
0,5,15,80,30.1,MTL,D,58,167,26:07:00,43,0,9,0,8,70,P.K. Subban,20,0,19,1
1,1,11,62,26.3,ANA,D,23,108,22:45,12,0,10.2,100,2,48,Francois Beauchemin,3,0,19,0
3,2,7,67,30.3,NYR,D,31,134,23:05,24,0,5.2,0,2,26,Ryan McDonagh,11,0,19,0
0,5,21,76,21.9,NYR,L,44,171,15:40,23,0,12.3,45,7,88,Chris Kreider,8,0,20,0
0,5,20,74,20.4,NSH,C,41,165,16:14,21,0,12.1,39.9,3,20,Colin Wilson,6,0,20,0
1,4,16,78,21.9,NYR,L,33,176,15:13,17,0,9.1,35.3,1,46,Carl Hagelin,1,0,20,1
2,1,12,72,24.1,STL,C,42,102,16:20,30,1,11.8,51.4,1,46,Jori Lehtera,6,0,20,0
1,1,9,79,29.6,MTL,D,47,131,24:49:00,38,0,6.9,0,4,28,Andrei Markov,24,0,20,0
1,1,9,76,21.1,,C,33,94,16:35,24,0,9.6,46.2,0,27,Daniel Winnik,0,0,20,0
0,1,8,54,29.1,STL,D,43,131,22:40,35,0,6.1,0,4,40,Kevin Shattenkirk,25,0,20,0
0,0,3,71,28.3,PIT,D,18,60,22:34,15,0,5,0,0,20,Paul Martin,1,0,20,0
0,3,32,71,22.5,MIN,L,60,248,19:13,28,0,12.9,18.2,10,41,Zach Parise,15,0,21,0
0,6,24,80,23.2,MTL,R,47,247,16:35,23,0,9.7,43.9,3,31,Brendan Gallagher,8,0,21,0
0,1,10,77,17.9,MTL,R,29,90,12:10,19,0,11.1,41.7,0,32,Dale Weise,0,0,21,0
0,0,1,42,26.5,OTT,D,10,43,22:42,9,0,2.3,0,0,16,Marc Methot,0,0,21,0
1,2,17,78,20,NYI,C,49,172,15:13,32,1,9.9,46.5,1,47,Ryan Strome,7,0,22,0
0,4,13,80,22.8,MTL,C,46,86,17:17,33,0,15.1,53.2,2,20,David Desharnais,11,0,22,2
1,1,3,67,30.6,MIN,D,17,90,24:16:00,14,0,3.3,0,0,8,Jonas Brodin,2,0,22,0
6,3,22,72,19.2,LAK,C,46,194,14:32,24,5,11.3,44.4,3,37,Tyler Toffoli,5,0,23,0
0,0,9,80,26,TBL,D,39,136,21:57,30,0,6.6,0,2,26,Anton Stralman,14,0,23,0
5,2,14,64,25.1,NYR,C,52,143,18:14,38,2,9.8,43.5,3,18,Derek Stepan,10,0,24,0
0,4,9,65,26.4,NYR,D,26,76,18:29,17,0,11.8,0,0,25,Kevin Klein,0,0,24,2
0,6,36,76,24.6,STL,R,71,260,17:37,35,0,13.8,0,8,31,Vladimir Tarasenko,18,0,25,2
5,5,25,76,25.9,WPG,R,60,231,19:35,35,4,10.8,46.7,1,71,Blake Wheeler,11,0,25,0
0,1,7,76,26.4,ANA,D,34,105,21:47,27,0,6.7,0,0,32,Hampus Lindholm,6,0,26,0
0,3,4,70,24.9,TBL,D,30,111,20:00,26,0,3.6,0,1,19,Jason Garrison,11,0,27,0
0,1,3,79,29.5,CHI,D,18,93,21:52,15,0,3.2,0,0,44,Niklas Hjalmarsson,0,0,27,0
5,8,42,77,25.5,NYR,L,69,297,17:28,27,4,14.1,50,6,36,Rick Nash,12,0,30,0
2,5,16,73,22.3,TBL,L,60,138,17:22,44,1,11.6,28.6,3,24,Ondrej Palat,9,0,30,1
3,7,28,79,24.8,CHI,C,66,192,19:36,38,2,14.6,56.5,6,36,Jonathan Toews,17,0,32,1
0,5,27,75,22.2,TBL,C,69,194,17:14,42,0,13.9,48.7,7,24,Tyler Johnson,15,0,33,1
0,2,28,80,19.5,TBL,R,61,186,14:53,33,0,15.1,0,2,37,Nikita Kucherov,13,0,37,0
5,10,37,80,25.9,MTL,L,67,302,19:23,30,3,12.3,22.2,7,32,Max Pacioretty,11,0,38,2
,,,,,,,,,,,,,,,,,,,,
,,,,,,,,,,,,,,,,,,,,
,,0.542105263,,11.41970362,,399,,,,,,,,,,,,,,
,,,,,,539,,,,,,,,,,,,,,
,,,,,,566,,,,,,,,,,,,,,
